iter	Passed	Remaining
0	19	38185
1	38	38014
2	51	34192
3	69	34528
4	82	32776
5	93	31077
6	103	29503
7	114	28505
8	127	28232
9	140	28006
10	157	28524
11	169	28051
12	179	27453
13	193	27448
14	206	27301
15	221	27422
16	227	26584
17	237	26205
18	251	26232
19	264	26176
20	281	26482
21	296	26688
22	311	26763
23	323	26606
24	336	26560
25	344	26155
26	353	25847
27	363	25581
28	375	25529
29	388	25517
30	394	25053
31	408	25101
32	421	25104
33	432	24980
34	446	25087
35	462	25247
36	477	25309
37	492	25435
38	503	25331
39	517	25340
40	530	25324
41	543	25350
42	557	25365
43	571	25383
44	584	25383
45	601	25541
46	615	25580
47	622	25297
48	633	25214
49	638	24899
50	654	25006
51	669	25082
52	681	25040
53	696	25115
54	712	25187
55	725	25191
56	734	25054
57	749	25099
58	763	25111
59	813	26300
60	834	26514
61	854	26718
62	894	27501
63	957	28962
64	990	29498
65	1013	29710
66	1030	29721
67	1034	29395
68	1047	29310
69	1059	29216
70	1075	29213
71	1091	29238
72	1107	29244
73	1123	29242
74	1130	29010
75	1145	28987
76	1159	28950
77	1174	28940
78	1188	28899
79	1198	28753
80	1211	28691
81	1225	28671
82	1239	28623
83	1252	28578
84	1266	28538
85	1284	28578
86	1296	28499
87	1311	28490
88	1329	28538
89	1339	28417
90	1357	28487
91	1377	28573
92	1390	28519
93	1404	28478
94	1418	28442
95	1433	28438
96	1453	28508
97	1469	28515
98	1484	28497
99	1498	28472
100	1514	28481
101	1533	28525
102	1547	28494
103	1560	28440
104	1576	28455
105	1590	28413
106	1603	28374
107	1615	28309
108	1633	28330
109	1647	28300
110	1664	28327
111	1681	28347
112	1698	28370
113	1713	28351
114	1729	28352
115	1745	28353
116	1750	28173
117	1765	28155
118	1779	28129
119	1797	28154
120	1812	28140
121	1827	28130
122	1840	28091
123	1856	28092
124	1871	28066
125	1876	27905
126	1891	27891
127	1908	27907
128	1927	27954
129	1939	27900
130	1946	27764
131	1958	27715
132	1972	27684
133	1985	27652
134	2002	27661
135	2017	27646
136	2031	27622
137	2052	27688
138	2066	27666
139	2080	27639
140	2094	27611
141	2111	27627
142	2127	27627
143	2141	27605
144	2155	27569
145	2171	27571
146	2181	27503
147	2191	27419
148	2206	27409
149	2220	27390
150	2235	27373
151	2242	27263
152	2255	27229
153	2269	27206
154	2285	27209
155	2294	27125
156	2308	27099
157	2323	27090
158	2337	27063
159	2352	27050
160	2368	27058
161	2383	27047
162	2400	27054
163	2413	27021
164	2426	26987
165	2440	26963
166	2450	26897
167	2467	26908
168	2472	26791
169	2487	26776
170	2496	26698
171	2509	26665
172	2514	26553
173	2532	26572
174	2546	26559
175	2561	26550
176	2577	26550
177	2592	26535
178	2597	26424
179	2610	26398
180	2620	26338
181	2626	26237
182	2643	26248
183	2653	26187
184	2669	26186
185	2682	26163
186	2697	26149
187	2713	26153
188	2726	26129
189	2742	26129
190	2767	26209
191	2781	26192
192	2798	26204
193	2813	26189
194	2829	26192
195	2846	26198
196	2860	26180
197	2878	26194
198	2893	26186
199	2910	26194
200	2926	26190
201	2939	26167
202	2955	26164
203	2970	26152
204	2985	26138
205	2999	26125
206	3015	26122
207	3030	26110
208	3047	26117
209	3064	26117
210	3079	26109
211	3096	26113
212	3110	26099
213	3127	26097
214	3140	26076
215	3153	26044
216	3169	26039
217	3184	26027
218	3201	26032
219	3217	26033
220	3231	26015
221	3244	25987
222	3260	25983
223	3279	26005
224	3295	26000
225	3309	25977
226	3324	25967
227	3340	25959
228	3354	25944
229	3371	25947
230	3386	25930
231	3402	25931
232	3417	25919
233	3429	25881
234	3445	25879
235	3458	25852
236	3472	25830
237	3489	25835
238	3503	25813
239	3517	25797
240	3533	25793
241	3549	25784
242	3562	25759
243	3579	25762
244	3596	25760
245	3609	25735
246	3624	25721
247	3637	25695
248	3654	25696
249	3670	25694
250	3686	25688
251	3701	25672
252	3722	25704
253	3766	25892
254	3783	25888
255	3818	26012
256	3840	26046
257	3909	26395
258	3947	26536
259	3966	26547
260	3981	26531
261	3999	26530
262	4016	26527
263	4031	26508
264	4049	26510
265	4065	26499
266	4082	26498
267	4099	26494
268	4111	26458
269	4125	26434
270	4143	26432
271	4158	26421
272	4173	26404
273	4188	26386
274	4204	26376
275	4221	26369
276	4235	26348
277	4252	26342
278	4268	26331
279	4281	26298
280	4298	26293
281	4312	26271
282	4328	26258
283	4346	26264
284	4364	26261
285	4380	26253
286	4396	26242
287	4411	26226
288	4425	26200
289	4437	26168
290	4455	26165
291	4470	26147
292	4489	26153
293	4506	26147
294	4521	26135
295	4537	26122
296	4550	26095
297	4568	26091
298	4583	26074
299	4602	26079
300	4618	26066
301	4633	26049
302	4649	26039
303	4663	26016
304	4678	25999
305	4694	25988
306	4709	25971
307	4723	25949
308	4742	25952
309	4756	25929
310	4771	25912
311	4788	25907
312	4804	25895
313	4818	25874
314	4833	25856
315	4850	25849
316	4864	25826
317	4880	25812
318	4897	25806
319	4915	25807
320	4931	25792
321	4946	25778
322	4964	25775
323	4980	25762
324	4998	25761
325	5014	25747
326	5028	25726
327	5043	25707
328	5058	25690
329	5073	25673
330	5088	25657
331	5103	25639
332	5120	25633
333	5141	25646
334	5159	25645
335	5173	25621
336	5187	25598
337	5203	25585
338	5218	25567
339	5233	25552
340	5250	25542
341	5263	25519
342	5282	25520
343	5294	25488
344	5309	25468
345	5324	25451
346	5338	25430
347	5354	25417
348	5369	25401
349	5387	25397
350	5403	25384
351	5421	25382
352	5438	25376
353	5453	25359
354	5474	25366
355	5488	25346
356	5507	25345
357	5522	25329
358	5537	25313
359	5555	25307
360	5575	25315
361	5591	25299
362	5608	25293
363	5623	25274
364	5639	25261
365	5653	25241
366	5668	25223
367	5683	25203
368	5698	25187
369	5716	25183
370	5731	25166
371	5746	25149
372	5760	25124
373	5773	25101
374	5787	25077
375	5805	25076
376	5822	25066
377	5838	25052
378	5852	25030
379	5870	25028
380	5885	25010
381	5904	25009
382	5919	24992
383	5937	24987
384	5951	24964
385	5964	24939
386	5981	24928
387	5997	24917
388	6012	24900
389	6027	24880
390	6044	24873
391	6058	24853
392	6075	24841
393	6092	24832
394	6106	24812
395	6121	24796
396	6139	24789
397	6156	24779
398	6171	24762
399	6185	24743
400	6198	24717
401	6210	24688
402	6226	24675
403	6241	24658
404	6257	24645
405	6272	24628
406	6290	24619
407	6307	24612
408	6323	24597
409	6342	24598
410	6356	24576
411	6373	24565
412	6388	24549
413	6402	24529
414	6417	24510
415	6432	24493
416	6447	24474
417	6462	24457
418	6475	24434
419	6490	24416
420	6508	24409
421	6523	24395
422	6540	24382
423	6555	24368
424	6570	24350
425	6586	24337
426	6603	24326
427	6618	24309
428	6632	24287
429	6647	24269
430	6660	24247
431	6677	24235
432	6689	24209
433	6705	24194
434	6723	24187
435	6736	24166
436	6752	24150
437	6767	24135
438	6782	24118
439	6796	24095
440	6811	24080
441	6826	24061
442	6843	24054
443	6859	24038
444	6873	24019
445	6889	24006
446	6905	23993
447	6920	23973
448	6936	23959
449	6951	23942
450	6963	23916
451	6978	23899
452	7008	23932
453	7026	23927
454	7067	23999
455	7121	24112
456	7168	24203
457	7198	24235
458	7228	24267
459	7269	24338
460	7285	24321
461	7301	24306
462	7317	24292
463	7331	24271
464	7346	24251
465	7363	24241
466	7382	24233
467	7402	24232
468	7418	24217
469	7432	24195
470	7446	24172
471	7464	24163
472	7479	24147
473	7495	24129
474	7510	24112
475	7527	24099
476	7544	24088
477	7560	24073
478	7575	24056
479	7592	24043
480	7608	24028
481	7624	24012
482	7644	24010
483	7659	23992
484	7675	23976
485	7690	23958
486	7707	23944
487	7723	23931
488	7739	23916
489	7755	23900
490	7773	23891
491	7787	23869
492	7800	23844
493	7811	23815
494	7825	23793
495	7841	23776
496	7855	23754
497	7872	23745
498	7887	23726
499	7901	23705
500	7914	23681
501	7933	23672
502	7950	23660
503	7963	23638
504	7978	23619
505	7991	23595
506	8005	23573
507	8019	23553
508	8036	23541
509	8052	23527
510	8068	23509
511	8082	23490
512	8098	23474
513	8113	23457
514	8131	23447
515	8147	23431
516	8163	23415
517	8180	23405
518	8196	23388
519	8211	23371
520	8226	23352
521	8240	23332
522	8257	23321
523	8272	23303
524	8289	23288
525	8306	23275
526	8323	23263
527	8339	23250
528	8354	23230
529	8366	23205
530	8383	23192
531	8405	23193
532	8420	23174
533	8438	23165
534	8455	23153
535	8472	23140
536	8486	23120
537	8503	23107
538	8518	23089
539	8535	23078
540	8548	23054
541	8565	23042
542	8583	23032
543	8598	23013
544	8610	22988
545	8625	22969
546	8641	22954
547	8657	22938
548	8672	22921
549	8688	22906
550	8703	22889
551	8718	22871
552	8737	22863
553	8755	22852
554	8771	22838
555	8786	22819
556	8801	22802
557	8815	22780
558	8829	22759
559	8841	22735
560	8858	22723
561	8873	22703
562	8889	22689
563	8905	22675
564	8922	22662
565	8937	22642
566	8952	22626
567	8967	22607
568	8985	22597
569	8997	22573
570	9012	22555
571	9028	22540
572	9044	22523
573	9064	22518
574	9079	22501
575	9095	22485
576	9112	22472
577	9134	22472
578	9149	22454
579	9164	22437
580	9179	22420
581	9195	22404
582	9213	22394
583	9233	22388
584	9249	22372
585	9264	22354
586	9279	22336
587	9295	22322
588	9311	22306
589	9330	22299
590	9345	22279
591	9361	22265
592	9376	22247
593	9393	22233
594	9408	22216
595	9424	22201
596	9440	22185
597	9454	22166
598	9469	22148
599	9487	22136
600	9501	22118
601	9518	22105
602	9535	22091
603	9553	22080
604	9568	22062
605	9581	22041
606	9596	22021
607	9612	22007
608	9626	21987
609	9641	21971
610	9659	21958
611	9675	21943
612	9689	21924
613	9706	21909
614	9721	21893
615	9738	21881
616	9754	21864
617	9772	21852
618	9788	21837
619	9801	21816
620	9821	21809
621	9840	21801
622	9855	21783
623	9869	21763
624	9885	21747
625	9898	21725
626	9915	21712
627	9937	21711
628	9955	21699
629	9969	21679
630	9984	21662
631	9997	21640
632	10010	21618
633	10026	21603
634	10041	21584
635	10054	21562
636	10071	21549
637	10088	21536
638	10103	21519
639	10121	21508
640	10140	21499
641	10157	21484
642	10172	21467
643	10189	21455
644	10207	21443
645	10221	21424
646	10236	21405
647	10251	21388
648	10266	21371
649	10282	21356
650	10298	21341
651	10344	21387
652	10360	21371
653	10383	21369
654	10416	21388
655	10459	21428
656	10508	21481
657	10541	21498
658	10561	21492
659	10579	21479
660	10598	21470
661	10612	21449
662	10627	21431
663	10640	21409
664	10658	21397
665	10676	21384
666	10692	21369
667	10709	21355
668	10726	21340
669	10744	21327
670	10763	21319
671	10777	21299
672	10794	21284
673	10808	21264
674	10826	21251
675	10847	21245
676	10864	21230
677	10876	21207
678	10893	21194
679	10908	21175
680	10924	21158
681	10939	21142
682	10955	21124
683	10974	21114
684	10991	21100
685	11008	21085
686	11023	21068
687	11041	21055
688	11056	21037
689	11070	21017
690	11085	20999
691	11099	20980
692	11117	20967
693	11135	20954
694	11154	20944
695	11172	20933
696	11187	20913
697	11203	20898
698	11217	20877
699	11237	20869
700	11252	20851
701	11267	20834
702	11285	20821
703	11301	20804
704	11319	20791
705	11332	20771
706	11348	20755
707	11364	20738
708	11383	20727
709	11403	20718
710	11421	20705
711	11435	20687
712	11450	20668
713	11464	20649
714	11480	20632
715	11497	20618
716	11515	20606
717	11530	20588
718	11545	20570
719	11562	20555
720	11580	20543
721	11598	20530
722	11613	20512
723	11628	20494
724	11646	20482
725	11664	20468
726	11679	20450
727	11698	20439
728	11713	20423
729	11730	20408
730	11746	20391
731	11762	20375
732	11786	20373
733	11802	20356
734	11819	20341
735	11834	20324
736	11850	20308
737	11867	20292
738	11883	20277
739	11900	20262
740	11916	20246
741	11932	20230
742	11949	20216
743	11964	20198
744	11981	20184
745	11996	20166
746	12014	20152
747	12028	20132
748	12042	20113
749	12058	20097
750	12073	20080
751	12089	20062
752	12105	20046
753	12119	20028
754	12134	20010
755	12153	19999
756	12168	19981
757	12185	19965
758	12199	19947
759	12214	19929
760	12226	19906
761	12240	19887
762	12254	19867
763	12270	19850
764	12287	19836
765	12304	19822
766	12323	19811
767	12340	19796
768	12354	19777
769	12373	19765
770	12390	19750
771	12409	19738
772	12428	19727
773	12446	19714
774	12466	19705
775	12484	19691
776	12499	19674
777	12516	19658
778	12534	19646
779	12552	19633
780	12568	19616
781	12583	19599
782	12602	19587
783	12616	19568
784	12631	19550
785	12647	19534
786	12661	19515
787	12679	19501
788	12697	19489
789	12715	19475
790	12729	19455
791	12746	19441
792	12762	19424
793	12778	19409
794	12794	19393
795	12811	19377
796	12826	19360
797	12844	19346
798	12859	19329
799	12876	19315
800	12893	19299
801	12911	19286
802	12927	19270
803	12946	19258
804	12965	19247
805	12981	19231
806	12996	19212
807	13013	19198
808	13032	19185
809	13047	19168
810	13065	19154
811	13082	19140
812	13096	19121
813	13113	19107
814	13130	19091
815	13148	19077
816	13164	19062
817	13177	19041
818	13193	19025
819	13209	19008
820	13228	18996
821	13245	18982
822	13262	18967
823	13277	18949
824	13291	18930
825	13304	18910
826	13324	18899
827	13339	18881
828	13355	18864
829	13371	18848
830	13386	18831
831	13402	18814
832	13416	18795
833	13432	18779
834	13448	18762
835	13465	18748
836	13482	18733
837	13497	18716
838	13515	18702
839	13532	18687
840	13545	18667
841	13562	18652
842	13579	18638
843	13596	18622
844	13612	18607
845	13626	18588
846	13642	18571
847	13658	18554
848	13674	18538
849	13715	18555
850	13733	18542
851	13757	18536
852	13785	18536
853	13805	18525
854	13846	18542
855	13888	18561
856	13912	18555
857	13928	18538
858	13942	18519
859	13961	18507
860	13977	18489
861	13994	18475
862	14011	18460
863	14026	18441
864	14045	18430
865	14064	18417
866	14080	18401
867	14096	18383
868	14114	18369
869	14128	18351
870	14144	18334
871	14158	18315
872	14174	18298
873	14191	18282
874	14205	18264
875	14223	18250
876	14238	18231
877	14254	18215
878	14269	18198
879	14285	18181
880	14302	18166
881	14316	18147
882	14333	18132
883	14349	18115
884	14366	18099
885	14385	18087
886	14406	18077
887	14423	18062
888	14438	18044
889	14453	18026
890	14467	18007
891	14483	17990
892	14498	17972
893	14516	17958
894	14530	17940
895	14547	17925
896	14563	17907
897	14579	17891
898	14591	17870
899	14607	17853
900	14625	17839
901	14641	17822
902	14656	17805
903	14677	17794
904	14692	17777
905	14706	17758
906	14722	17741
907	14738	17725
908	14752	17706
909	14770	17692
910	14787	17676
911	14802	17658
912	14817	17641
913	14832	17624
914	14852	17611
915	14873	17601
916	14907	17606
917	14923	17589
918	14939	17572
919	14958	17560
920	14973	17542
921	14987	17522
922	15004	17507
923	15021	17492
924	15038	17476
925	15054	17461
926	15073	17447
927	15089	17430
928	15103	17412
929	15118	17394
930	15132	17375
931	15148	17358
932	15166	17344
933	15181	17327
934	15196	17309
935	15210	17290
936	15225	17272
937	15240	17255
938	15257	17240
939	15277	17227
940	15289	17207
941	15307	17192
942	15322	17175
943	15341	17161
944	15359	17147
945	15372	17128
946	15390	17113
947	15407	17097
948	15418	17076
949	15434	17059
950	15449	17041
951	15463	17023
952	15480	17007
953	15500	16995
954	15519	16981
955	15533	16963
956	15550	16948
957	15569	16934
958	15582	16914
959	15600	16900
960	15617	16885
961	15631	16866
962	15648	16851
963	15664	16834
964	15679	16817
965	15695	16800
966	15711	16784
967	15726	16765
968	15740	16747
969	15758	16733
970	15770	16712
971	15784	16693
972	15801	16678
973	15822	16666
974	15837	16649
975	15853	16633
976	15870	16617
977	15886	16600
978	15902	16585
979	15917	16566
980	15933	16550
981	15948	16533
982	15964	16516
983	15981	16501
984	15999	16486
985	16014	16469
986	16032	16454
987	16048	16438
988	16062	16419
989	16078	16402
990	16093	16385
991	16109	16369
992	16125	16352
993	16139	16334
994	16160	16323
995	16177	16307
996	16194	16291
997	16209	16274
998	16224	16257
999	16239	16239
1000	16257	16224
1001	16270	16205
1002	16286	16188
1003	16307	16177
1004	16323	16160
1005	16336	16142
1006	16353	16126
1007	16367	16108
1008	16381	16089
1009	16403	16078
1010	16419	16061
1011	16432	16042
1012	16450	16028
1013	16469	16015
1014	16486	15999
1015	16502	15983
1016	16517	15965
1017	16532	15947
1018	16550	15933
1019	16564	15914
1020	16578	15896
1021	16595	15881
1022	16611	15864
1023	16630	15851
1024	16646	15834
1025	16661	15816
1026	16674	15797
1027	16687	15778
1028	16700	15759
1029	16714	15740
1030	16732	15725
1031	16750	15711
1032	16765	15694
1033	16780	15677
1034	16797	15661
1035	16813	15644
1036	16827	15626
1037	16843	15609
1038	16863	15597
1039	16878	15580
1040	16892	15562
1041	16906	15543
1042	16922	15527
1043	16938	15510
1044	16955	15495
1045	16969	15476
1046	16982	15457
1047	16997	15440
1048	17014	15424
1049	17031	15409
1050	17049	15394
1051	17082	15393
1052	17096	15375
1053	17116	15362
1054	17137	15350
1055	17161	15341
1056	17221	15363
1057	17269	15375
1058	17293	15366
1059	17312	15352
1060	17327	15335
1061	17344	15319
1062	17364	15306
1063	17382	15291
1064	17391	15268
1065	17406	15250
1066	17419	15231
1067	17435	15215
1068	17452	15199
1069	17469	15183
1070	17484	15166
1071	17499	15148
1072	17515	15132
1073	17530	15115
1074	17546	15097
1075	17561	15081
1076	17577	15064
1077	17594	15048
1078	17611	15032
1079	17624	15013
1080	17639	14995
1081	17659	14982
1082	17676	14966
1083	17691	14949
1084	17706	14932
1085	17722	14915
1086	17739	14899
1087	17755	14883
1088	17771	14867
1089	17787	14849
1090	17802	14832
1091	17819	14816
1092	17837	14802
1093	17851	14784
1094	17869	14768
1095	17887	14754
1096	17905	14739
1097	17922	14723
1098	17937	14706
1099	17955	14690
1100	17969	14672
1101	17984	14654
1102	17999	14637
1103	18014	14620
1104	18028	14602
1105	18041	14583
1106	18056	14565
1107	18073	14550
1108	18092	14535
1109	18107	14518
1110	18122	14501
1111	18138	14484
1112	18153	14467
1113	18168	14450
1114	18186	14434
1115	18202	14418
1116	18220	14403
1117	18235	14386
1118	18252	14370
1119	18273	14358
1120	18292	14343
1121	18307	14326
1122	18324	14310
1123	18342	14295
1124	18358	14278
1125	18375	14263
1126	18392	14247
1127	18410	14232
1128	18431	14219
1129	18448	14203
1130	18463	14186
1131	18478	14169
1132	18497	14154
1133	18515	14139
1134	18529	14121
1135	18545	14105
1136	18559	14086
1137	18573	14069
1138	18589	14052
1139	18602	14033
1140	18616	14015
1141	18631	13997
1142	18644	13979
1143	18659	13962
1144	18676	13946
1145	18692	13929
1146	18706	13911
1147	18720	13893
1148	18737	13877
1149	18751	13859
1150	18765	13841
1151	18779	13823
1152	18796	13807
1153	18813	13792
1154	18830	13776
1155	18844	13758
1156	18863	13744
1157	18882	13729
1158	18898	13713
1159	18917	13698
1160	18931	13680
1161	18947	13664
1162	18962	13647
1163	18978	13630
1164	18993	13613
1165	19011	13598
1166	19027	13582
1167	19044	13565
1168	19061	13550
1169	19077	13533
1170	19091	13515
1171	19109	13500
1172	19123	13482
1173	19139	13466
1174	19159	13452
1175	19178	13438
1176	19195	13422
1177	19211	13405
1178	19228	13390
1179	19243	13372
1180	19260	13356
1181	19275	13339
1182	19289	13321
1183	19305	13305
1184	19321	13288
1185	19336	13271
1186	19353	13255
1187	19367	13237
1188	19380	13218
1189	19396	13202
1190	19415	13187
1191	19430	13170
1192	19445	13154
1193	19462	13137
1194	19475	13119
1195	19490	13102
1196	19503	13083
1197	19515	13064
1198	19531	13047
1199	19545	13030
1200	19562	13014
1201	19576	12996
1202	19588	12977
1203	19606	12962
1204	19621	12945
1205	19636	12928
1206	19653	12912
1207	19668	12895
1208	19683	12877
1209	19702	12863
1210	19722	12849
1211	19737	12832
1212	19756	12818
1213	19772	12801
1214	19787	12784
1215	19803	12768
1216	19818	12750
1217	19833	12733
1218	19850	12718
1219	19866	12701
1220	19880	12684
1221	19901	12670
1222	19916	12653
1223	19933	12637
1224	19949	12621
1225	19966	12605
1226	19982	12588
1227	19999	12573
1228	20014	12555
1229	20029	12538
1230	20045	12522
1231	20066	12509
1232	20084	12493
1233	20103	12478
1234	20119	12462
1235	20135	12446
1236	20151	12429
1237	20166	12412
1238	20181	12395
1239	20196	12378
1240	20216	12364
1241	20231	12347
1242	20246	12330
1243	20259	12312
1244	20275	12295
1245	20291	12279
1246	20307	12262
1247	20321	12245
1248	20338	12229
1249	20357	12214
1250	20380	12201
1251	20405	12191
1252	20421	12174
1253	20450	12165
1254	20480	12158
1255	20533	12163
1256	20566	12156
1257	20592	12145
1258	20618	12135
1259	20633	12117
1260	20647	12100
1261	20662	12082
1262	20676	12065
1263	20688	12046
1264	20701	12028
1265	20721	12014
1266	20738	11997
1267	20752	11980
1268	20766	11962
1269	20781	11945
1270	20797	11928
1271	20813	11911
1272	20828	11894
1273	20845	11879
1274	20860	11862
1275	20878	11846
1276	20896	11830
1277	20911	11813
1278	20927	11797
1279	20945	11781
1280	20960	11764
1281	20975	11747
1282	20992	11731
1283	21010	11716
1284	21025	11699
1285	21039	11681
1286	21053	11663
1287	21068	11646
1288	21083	11629
1289	21100	11613
1290	21118	11598
1291	21132	11580
1292	21149	11564
1293	21162	11546
1294	21180	11530
1295	21197	11514
1296	21213	11498
1297	21228	11481
1298	21243	11463
1299	21258	11446
1300	21276	11431
1301	21291	11414
1302	21308	11398
1303	21322	11380
1304	21342	11366
1305	21358	11349
1306	21374	11333
1307	21389	11316
1308	21409	11301
1309	21423	11283
1310	21438	11267
1311	21455	11251
1312	21471	11234
1313	21485	11217
1314	21500	11199
1315	21514	11182
1316	21527	11164
1317	21542	11147
1318	21559	11131
1319	21578	11116
1320	21592	11098
1321	21608	11082
1322	21624	11065
1323	21638	11048
1324	21654	11031
1325	21670	11014
1326	21683	10996
1327	21701	10981
1328	21718	10965
1329	21733	10948
1330	21749	10932
1331	21764	10915
1332	21782	10899
1333	21797	10882
1334	21813	10866
1335	21830	10849
1336	21848	10834
1337	21864	10818
1338	21879	10801
1339	21897	10785
1340	21915	10769
1341	21931	10753
1342	21949	10737
1343	21964	10720
1344	21983	10705
1345	21997	10688
1346	22013	10671
1347	22029	10655
1348	22044	10638
1349	22059	10621
1350	22076	10605
1351	22093	10589
1352	22108	10572
1353	22125	10556
1354	22143	10540
1355	22159	10524
1356	22175	10507
1357	22191	10491
1358	22206	10473
1359	22224	10458
1360	22240	10442
1361	22280	10436
1362	22305	10424
1363	22322	10408
1364	22339	10392
1365	22356	10376
1366	22372	10359
1367	22389	10343
1368	22405	10327
1369	22423	10311
1370	22438	10294
1371	22455	10278
1372	22472	10262
1373	22488	10245
1374	22503	10228
1375	22518	10212
1376	22535	10195
1377	22552	10179
1378	22569	10163
1379	22585	10147
1380	22609	10134
1381	22625	10117
1382	22639	10100
1383	22653	10082
1384	22666	10064
1385	22685	10049
1386	22698	10032
1387	22714	10015
1388	22728	9997
1389	22743	9981
1390	22758	9964
1391	22773	9946
1392	22785	9928
1393	22799	9911
1394	22817	9895
1395	22835	9879
1396	22851	9863
1397	22865	9846
1398	22879	9829
1399	22893	9811
1400	22911	9795
1401	22927	9779
1402	22941	9761
1403	22954	9744
1404	22971	9728
1405	22983	9709
1406	22999	9693
1407	23013	9675
1408	23027	9658
1409	23045	9643
1410	23065	9628
1411	23081	9612
1412	23098	9595
1413	23111	9578
1414	23127	9561
1415	23143	9545
1416	23160	9528
1417	23175	9511
1418	23188	9494
1419	23206	9478
1420	23222	9462
1421	23238	9445
1422	23255	9429
1423	23268	9411
1424	23282	9394
1425	23297	9377
1426	23311	9360
1427	23328	9344
1428	23347	9329
1429	23365	9313
1430	23385	9298
1431	23403	9283
1432	23419	9266
1433	23434	9249
1434	23451	9233
1435	23467	9217
1436	23480	9199
1437	23494	9182
1438	23512	9166
1439	23526	9149
1440	23542	9132
1441	23562	9117
1442	23581	9102
1443	23597	9086
1444	23615	9070
1445	23629	9052
1446	23644	9036
1447	23659	9019
1448	23676	9003
1449	23691	8986
1450	23708	8970
1451	23765	8969
1452	23805	8961
1453	23876	8966
1454	23927	8962
1455	23954	8950
1456	23976	8935
1457	23991	8918
1458	24008	8902
1459	24027	8886
1460	24043	8870
1461	24059	8853
1462	24074	8836
1463	24090	8820
1464	24108	8804
1465	24123	8787
1466	24139	8770
1467	24157	8754
1468	24172	8737
1469	24186	8720
1470	24203	8703
1471	24218	8686
1472	24232	8669
1473	24248	8653
1474	24262	8635
1475	24276	8618
1476	24291	8601
1477	24306	8584
1478	24320	8567
1479	24342	8552
1480	24357	8535
1481	24369	8517
1482	24382	8500
1483	24396	8482
1484	24412	8466
1485	24429	8450
1486	24448	8434
1487	24466	8418
1488	24484	8402
1489	24499	8385
1490	24515	8369
1491	24531	8352
1492	24547	8336
1493	24560	8318
1494	24578	8302
1495	24595	8286
1496	24610	8269
1497	24625	8252
1498	24642	8235
1499	24656	8218
1500	24677	8204
1501	24694	8187
1502	24710	8171
1503	24725	8154
1504	24741	8137
1505	24756	8120
1506	24771	8103
1507	24787	8087
1508	24805	8071
1509	24821	8054
1510	24838	8038
1511	24854	8021
1512	24872	8005
1513	24887	7988
1514	24904	7972
1515	24920	7956
1516	24937	7939
1517	24954	7923
1518	24969	7906
1519	24983	7889
1520	25001	7873
1521	25019	7857
1522	25037	7841
1523	25050	7824
1524	25066	7807
1525	25084	7791
1526	25100	7775
1527	25116	7758
1528	25131	7741
1529	25147	7725
1530	25166	7709
1531	25179	7691
1532	25196	7675
1533	25213	7659
1534	25231	7643
1535	25246	7626
1536	25259	7609
1537	25277	7593
1538	25292	7576
1539	25308	7559
1540	25323	7542
1541	25336	7525
1542	25354	7509
1543	25366	7491
1544	25382	7475
1545	25397	7458
1546	25413	7441
1547	25429	7425
1548	25443	7408
1549	25462	7392
1550	25478	7375
1551	25494	7359
1552	25510	7342
1553	25524	7325
1554	25537	7308
1555	25555	7292
1556	25569	7275
1557	25586	7258
1558	25600	7241
1559	25615	7224
1560	25631	7208
1561	25652	7193
1562	25668	7176
1563	25684	7160
1564	25704	7144
1565	25719	7128
1566	25734	7111
1567	25750	7094
1568	25765	7077
1569	25782	7061
1570	25797	7044
1571	25813	7028
1572	25828	7011
1573	25844	6994
1574	25861	6978
1575	25877	6962
1576	25893	6945
1577	25909	6929
1578	25927	6912
1579	25942	6896
1580	25956	6879
1581	26012	6873
1582	26028	6856
1583	26046	6840
1584	26068	6825
1585	26083	6808
1586	26100	6792
1587	26117	6776
1588	26131	6759
1589	26148	6742
1590	26163	6725
1591	26180	6709
1592	26196	6693
1593	26214	6676
1594	26229	6660
1595	26247	6644
1596	26263	6627
1597	26281	6611
1598	26298	6595
1599	26313	6578
1600	26329	6561
1601	26346	6545
1602	26364	6529
1603	26379	6512
1604	26398	6496
1605	26413	6480
1606	26428	6463
1607	26445	6446
1608	26462	6430
1609	26480	6414
1610	26499	6398
1611	26514	6381
1612	26530	6365
1613	26547	6349
1614	26560	6331
1615	26578	6315
1616	26593	6298
1617	26611	6282
1618	26628	6266
1619	26645	6250
1620	26661	6233
1621	26676	6216
1622	26694	6200
1623	26711	6184
1624	26724	6167
1625	26741	6150
1626	26756	6134
1627	26770	6117
1628	26787	6100
1629	26808	6085
1630	26825	6069
1631	26842	6052
1632	26860	6036
1633	26876	6020
1634	26889	6002
1635	26906	5986
1636	26924	5970
1637	26939	5953
1638	26953	5936
1639	26971	5920
1640	26989	5904
1641	27002	5887
1642	27018	5870
1643	27034	5854
1644	27053	5838
1645	27070	5821
1646	27089	5806
1647	27110	5790
1648	27128	5774
1649	27171	5763
1650	27190	5747
1651	27211	5732
1652	27238	5717
1653	27270	5704
1654	27319	5694
1655	27347	5680
1656	27375	5666
1657	27389	5649
1658	27405	5633
1659	27419	5616
1660	27438	5600
1661	27456	5583
1662	27475	5567
1663	27491	5551
1664	27509	5534
1665	27524	5518
1666	27540	5501
1667	27556	5484
1668	27573	5468
1669	27593	5452
1670	27608	5435
1671	27624	5419
1672	27640	5402
1673	27655	5385
1674	27672	5369
1675	27690	5353
1676	27704	5336
1677	27718	5319
1678	27737	5303
1679	27751	5285
1680	27764	5268
1681	27778	5251
1682	27795	5235
1683	27811	5218
1684	27827	5202
1685	27845	5185
1686	27863	5169
1687	27878	5152
1688	27899	5137
1689	27916	5120
1690	27930	5103
1691	27952	5088
1692	27965	5071
1693	27981	5054
1694	27997	5037
1695	28013	5021
1696	28030	5004
1697	28045	4988
1698	28062	4971
1699	28076	4954
1700	28095	4938
1701	28111	4922
1702	28126	4905
1703	28145	4889
1704	28160	4872
1705	28177	4855
1706	28190	4838
1707	28207	4822
1708	28224	4805
1709	28239	4789
1710	28257	4772
1711	28273	4756
1712	28290	4739
1713	28306	4723
1714	28324	4706
1715	28343	4690
1716	28361	4674
1717	28374	4657
1718	28390	4640
1719	28407	4624
1720	28421	4607
1721	28438	4591
1722	28453	4574
1723	28468	4557
1724	28484	4540
1725	28498	4524
1726	28514	4507
1727	28529	4490
1728	28543	4473
1729	28559	4457
1730	28576	4440
1731	28590	4424
1732	28606	4407
1733	28621	4390
1734	28636	4373
1735	28652	4357
1736	28670	4341
1737	28688	4324
1738	28704	4308
1739	28718	4291
1740	28735	4274
1741	28753	4258
1742	28769	4241
1743	28786	4225
1744	28801	4208
1745	28814	4191
1746	28829	4175
1747	28845	4158
1748	28859	4141
1749	28874	4124
1750	28893	4108
1751	28909	4092
1752	28927	4075
1753	28940	4058
1754	28956	4042
1755	28970	4025
1756	28988	4009
1757	29004	3992
1758	29020	3976
1759	29034	3959
1760	29048	3942
1761	29069	3926
1762	29087	3910
1763	29102	3893
1764	29116	3876
1765	29131	3859
1766	29146	3843
1767	29159	3826
1768	29175	3809
1769	29191	3793
1770	29206	3776
1771	29223	3760
1772	29239	3743
1773	29253	3726
1774	29271	3710
1775	29287	3693
1776	29301	3677
1777	29316	3660
1778	29331	3643
1779	29348	3627
1780	29365	3610
1781	29380	3594
1782	29394	3577
1783	29412	3561
1784	29425	3544
1785	29442	3527
1786	29458	3511
1787	29474	3494
1788	29490	3478
1789	29506	3461
1790	29523	3445
1791	29541	3428
1792	29559	3412
1793	29573	3395
1794	29588	3379
1795	29602	3362
1796	29621	3346
1797	29636	3329
1798	29651	3312
1799	29666	3296
1800	29683	3279
1801	29699	3263
1802	29716	3246
1803	29734	3230
1804	29749	3213
1805	29765	3197
1806	29781	3180
1807	29797	3164
1808	29812	3147
1809	29831	3131
1810	29846	3114
1811	29861	3098
1812	29878	3081
1813	29894	3065
1814	29910	3048
1815	29926	3032
1816	29941	3015
1817	29958	2999
1818	29976	2982
1819	29992	2966
1820	30007	2949
1821	30025	2933
1822	30042	2916
1823	30059	2900
1824	30076	2884
1825	30096	2867
1826	30116	2851
1827	30131	2835
1828	30146	2818
1829	30164	2802
1830	30182	2785
1831	30201	2769
1832	30216	2752
1833	30232	2736
1834	30248	2719
1835	30264	2703
1836	30281	2686
1837	30296	2670
1838	30313	2653
1839	30328	2637
1840	30349	2621
1841	30364	2604
1842	30380	2588
1843	30400	2571
1844	30415	2555
1845	30433	2538
1846	30450	2522
1847	30467	2505
1848	30488	2489
1849	30540	2476
1850	30576	2461
1851	30636	2448
1852	30670	2433
1853	30717	2418
1854	30738	2402
1855	30755	2386
1856	30771	2369
1857	30786	2352
1858	30802	2336
1859	30816	2319
1860	30831	2302
1861	30848	2286
1862	30864	2269
1863	30882	2253
1864	30897	2236
1865	30911	2219
1866	30927	2203
1867	30945	2186
1868	30964	2170
1869	30979	2153
1870	30997	2137
1871	31016	2120
1872	31031	2104
1873	31047	2087
1874	31063	2070
1875	31077	2054
1876	31093	2037
1877	31107	2020
1878	31121	2004
1879	31135	1987
1880	31152	1970
1881	31166	1954
1882	31180	1937
1883	31196	1920
1884	31211	1904
1885	31227	1887
1886	31242	1870
1887	31259	1854
1888	31275	1837
1889	31291	1821
1890	31308	1804
1891	31326	1788
1892	31339	1771
1893	31354	1754
1894	31370	1738
1895	31387	1721
1896	31405	1705
1897	31418	1688
1898	31433	1671
1899	31450	1655
1900	31465	1638
1901	31480	1622
1902	31496	1605
1903	31510	1588
1904	31529	1572
1905	31545	1555
1906	31564	1539
1907	31580	1522
1908	31596	1506
1909	31611	1489
1910	31628	1473
1911	31643	1456
1912	31659	1439
1913	31676	1423
1914	31693	1406
1915	31709	1390
1916	31725	1373
1917	31739	1356
1918	31757	1340
1919	31774	1323
1920	31792	1307
1921	31810	1290
1922	31825	1274
1923	31842	1257
1924	31859	1241
1925	31875	1224
1926	31893	1208
1927	31910	1191
1928	31930	1175
1929	31945	1158
1930	31963	1142
1931	31978	1125
1932	31994	1108
1933	32011	1092
1934	32027	1075
1935	32043	1059
1936	32059	1042
1937	32073	1026
1938	32088	1009
1939	32102	992
1940	32114	976
1941	32129	959
1942	32144	943
1943	32161	926
1944	32176	909
1945	32189	893
1946	32205	876
1947	32219	860
1948	32233	843
1949	32249	826
1950	32267	810
1951	32285	793
1952	32304	777
1953	32323	760
1954	32341	744
1955	32360	727
1956	32375	711
1957	32395	694
1958	32413	678
1959	32428	661
1960	32446	645
1961	32463	628
1962	32477	612
1963	32491	595
1964	32508	579
1965	32522	562
1966	32540	545
1967	32555	529
1968	32570	512
1969	32584	496
1970	32599	479
1971	32615	463
1972	32632	446
1973	32650	430
1974	32666	413
1975	32682	396
1976	32698	380
1977	32719	363
1978	32735	347
1979	32751	330
1980	32764	314
1981	32788	297
1982	32806	281
1983	32820	264
1984	32833	248
1985	32849	231
1986	32865	215
1987	32882	198
1988	32898	181
1989	32915	165
1990	32931	148
1991	32947	132
1992	32964	115
1993	32976	99
1994	32991	82
1995	33005	66
1996	33021	49
1997	33037	33
1998	33051	16
1999	33070	0
